Kode,Nama,Harga + Pajak,Type Brg,Harga,S Awal,Beli,Jual,Retur,Mutasi T,Mutasi K,Terima,Keluar,S Akhir,Total
2KG0026B,BURNER HEAD SHORT - KG-302 C,33189,KG-302,29900,2,0,0,0,0,0,0,0,2,59800
2KG0030A,GRATE (COMMON) - KG-302 C,34965,KG-302,31500,2,0,0,0,0,0,0,0,2,63000
3KG0023B,BURNER CAP 4 HOLES (FOR SUS) - KG-302 C,34721,KG-302,31280,2,0,0,0,0,0,0,0,2,62560
3KG0034B,GAS VALVE (D0.88) - KG-302 C NEW,49018,KG-302,44160,6,0,0,0,0,0,0,0,6,264960
3KG0043A,GAS VALVE COVER - SL-290,22200,SL-290,20000,3,0,0,0,0,0,0,0,3,60000
3KG0047A,GAS VALVE - KG-302C / KG-11C (KY),48840,"KG-302C, KG-11C",44000,4,0,0,0,0,0,0,0,4,176000
3KG0048A,GAS VALVE - SL-290 (ZB),61050,SL-290,55000,5,0,0,0,0,0,0,0,5,275000
BLXX-AX001-WH-KGX,SWITCH KNOB ASSY BL (WHITE),11100,"BL-101 PL, BL-101GS",10000,10,0,0,0,0,0,0,0,10,100000
BLXX-AX046-XX-KGX,UPPER CONNECTOR ASSY (B),6660,"BL-101 Series ( lama ), BL-151/152 Series (lama)",6000,3,0,0,0,0,0,0,0,3,18000
BLXX-AX140-BK-KGX,TOTAL FRUIT MOUNTING RING ASSY 51 GI (BLACK),61272,"BL-51 GI, BL-52 PI",55200,2,0,0,0,0,0,0,0,2,110400
BLXX-AX143-BK-KGX,LOWER CONNECTOR ASSY 51 GI (A) BLACK,11100,,10000,14,0,0,0,0,0,0,0,14,140000
BLXX-AX157-BK-KGX,TOTAL WET CONTAINER GLASS ASSY 51 GI (BLACK),51060,,46000,4,0,0,0,0,0,0,0,4,184000
BLXX-AX162-BK-KGX,TOTAL BIG CONTAINER PLASTIC ASSY 52 PI (BLACK),112332,,101200,5,0,0,0,0,0,0,0,5,506000
BLXX-AX178-GR-KGX,TOTAL BIG CONTAINER PLASTIC ASSY 1.5 (GREEN) WITHOUT SEAL SEAT,61272,,55200,6,0,0,0,0,0,0,0,6,331200
BLXX-AX181-GR-KGX,TOTAL DRY CONTAINER PLASTIC ASSY (GREEN) WITHOUT SEAL SEAT,27750,,25000,2,0,0,0,0,0,0,0,2,50000
BLXX-AX181-WH-KGX,TOTAL DRY CONTAINER PLASTIC ASSY (WHITE) WITHOUT SEAL SEAT,27750,,25000,5,0,0,0,0,0,0,0,5,125000
BLXX-AX183-GR-KGX,WET MOUNTING RING ASSY (GREEN) WITHOUT SEAL SEAT,27750,,25000,10,0,0,0,0,0,0,0,10,250000
BLXX-AX183-WH-KGX,WET MOUNTING RING ASSY (WHITE) WITHOUT SEAL SEAT,27750,,25000,10,0,0,0,0,0,0,0,10,250000
BLXX-AX184-GR-KGX,TOTAL WET CONTAINER PLASTIC ASSY (GREEN) WITHOUT SEAL SEAT,40848,,36800,10,0,0,0,0,0,0,0,10,368000
BLXX-AX184-WH-KGX,TOTAL WET CONTAINER PLASTIC ASSY (WHITE) WITHOUT SEAL SEAT,40848,,36800,11,0,0,0,0,0,0,0,11,404800
BLXX-AX197-WH-KGX,TOTAL BIG CONTAINER PLASTIC (AS) ASSY (WITHOUT SEAL SEAT) WHITE,45954,,41400,7,0,0,0,0,0,0,0,7,289800
BLXX-AX244-GR-KGX,FRUIT MOUNTING RING ASSY (RB) WITHOUT SEAL SEAT (GREEN),24420,,22000,12,0,0,0,0,0,0,0,12,264000
BLXX-AX244-WH-KGX,FRUIT MOUNTING RING ASSY (RB) WITHOUT SEAL SEAT (WHITE),24420,,22000,20,0,0,0,0,0,0,0,20,440000
BLXX-AX268-GR-KGX,TOTAL MEAT CONTAINER ASSY 501 (GREEN),112332,,101200,2,0,0,0,0,0,0,0,2,202400
BLXX-EA001-WH-KGX,SWITCH KNOB ASSY B (WHITE),11100,,10000,5,0,0,0,0,0,0,0,5,50000
BLXX-EA009-GY-KGX,FOUR SWITCH ASSY C + DIODA IN5406 / IN5408 3A + KNOB (GREY),17760,,16000,8,0,0,0,0,0,0,0,8,128000
BLXX-EA009-XX-KGX,FOUR SWITCH ASSY C + DIODA IN5406 / IN5408 3A + KNOB (GREEN),17760,,16000,7,0,0,0,0,0,0,0,7,112000
BLXX-EA013-XX-KGX,FOUR SWITCH ASSY 211,23865,,21500,8,0,0,0,0,0,0,0,8,172000
BLXX-EA075-XX-KGX,MOTOR ASSY BL (H) 250W WITH THERMOSTAT (AL WIRE),117438,,105800,13,0,0,0,0,1,0,0,12,1269600
BLXX-EA076-XX-KGX,MOTOR ASSY BL (I) 300W WITH THERMOSTAT (AL WIRE),117438,,105800,11,0,0,0,0,0,0,0,11,1163800
BLXX-EA077-XX-KGX,MOTOR ASSY BL (G) 300W WITH THERMOSTAT (AL WIRE),117438,,105800,7,0,0,0,0,0,0,0,7,740600
BLXX-EA079-XX-KGX,POWER CORD ASSY BL (SNI) MAS (R.2),16650,,15000,6,0,0,0,0,0,0,0,6,90000
BLXX-EX059-GY-KGX,SILICONE RING FOR BLENDER (I) WET (R.1) GREY,6660,,6000,5,0,0,0,0,0,0,0,5,30000
BLXX-EX074-XX-KGX,PAD FOR BLENDER SILICONE (R1),6660,,6000,4,0,0,0,0,0,0,0,4,24000
BLXX-PX146-BK-KGX,BIG CONTAINER COVER 1.5 (C) BLACK,6660,,6000,3,0,0,0,0,0,0,0,3,18000
BLXX-PX230-GR-KGX,BIG CONTAINER COVER 1.5 PF (B) GREEN,6660,,6000,2,0,0,0,0,0,0,0,2,12000
BLXX-PX259-BK-KGX,UPPER CONNECTOR 51 GI (D) BLACK,6660,,6000,8,0,0,0,0,0,0,0,8,48000
BLXX-PX260-WH-KGX,BIG CONTAINER COVER 1L (J) WHITE,6660,,6000,2,0,0,0,0,0,0,0,2,12000
BLXX-PX265-GR-KGX,MOTOR HOUSING 1.5 (H) GREEN,16650,,15000,5,0,0,0,0,0,0,0,5,75000
BLXX-PX266-GR-KGX,BOTTOM PLATE 1.5 (H) GREEN,11100,,10000,5,0,0,0,0,0,0,0,5,50000
BLXX-PX271-WH-KGX,MOTOR HOUSING BL 1 (F) WHITE,11100,,10000,2,0,0,0,0,0,0,0,2,20000
BLXX-PX272-WH-KGX,BOTTOM PLATE BL 1 (I) WHITE,11100,,10000,2,0,0,0,0,0,0,0,2,20000
CHXX-AX021-XX-KGX,TOTAL GEAR HOUSE ASSY 208,46620,,42000,1,0,0,0,0,0,0,0,1,42000
EIMX-EA047-XX-KGX,PILOT LAMP ASSY EI (A),6660,,6000,4,0,0,0,0,0,0,0,4,24000
EIMX-EA057-XX-KGX,THERMOSTAT ASSY EI (B) R1,17760,,16000,4,0,0,0,0,0,0,0,4,64000
EIMX-EA059-XX-KGX,THERMOSTAT ASSY EI (C) R2,17760,,16000,4,0,0,0,0,0,0,0,4,64000
EIMX-EA065-XX-KGX,POWER CORD ASSY EI (D) MAS (R1),29970,,27000,4,0,0,0,0,0,0,0,4,108000
EP104B,KNOB ASM - COMMON (NEW DESIGN),8880,,8000,10,0,0,0,0,0,0,0,10,80000
EXXX-AX330-XX-KGX,THERMOSTAT ASSY 81N 250V 12A,11100,,10000,17,0,0,0,0,0,0,0,17,170000
EXXX-AX390-XX-KGX,THERMOFUSE 135 DEGREES C 2A 250V,14985,,13500,22,0,0,0,0,0,0,0,22,297000
EXXX-AX428-XX-KGX,MICROSWITCH 10A 250V (WSNO),11100,,10000,6,0,0,0,0,0,0,0,6,60000
EXXX-AX439-XX-KGX,MICROSWITCH 6A 250V (WSNO),11100,,10000,2,0,0,0,0,0,0,0,2,20000
EXXX-AX503-XX-KGX,MICROSWITCH 16A 250V (TD),11100,,10000,5,0,0,0,0,0,0,0,5,50000
EXXX-AX506-KH-KGX,THERMOSTAT ASSY 83N 250V 10A (KH),11100,,10000,102,0,0,0,0,0,0,30,72,720000
EXXX-AX508-XX-KGX,THERMOFUSE 172 DEGREES C 10A 250V WITH HOOK,6660,,6000,105,0,0,0,0,0,0,20,85,510000
FXXX-EX064-GL-KGX,CLAMP KNOB HINGE RC 6 (GALVANIZE),6660,,6000,5,0,0,0,0,0,0,0,5,30000
GCXX-AX008-XX-KGX,VALVE ASSY MH-388,142968,,128800,9,0,0,0,0,0,0,0,9,1159200
GCXX-AX009-XX-KGX,IGNITION KNOB ASSY ML-288,11100,,10000,2,0,0,0,0,0,0,0,2,20000
GCXX-AX024-XX-KGX,TOTAL BURNER ASSY 101 (B),26640,,24000,2,0,0,0,0,0,0,0,2,48000
GCXX-AX031-XX-KGX,BURNER + SUN BURNER MH-388,173604,,156400,1,0,0,0,0,0,0,0,1,156400
GCXX-EA006-XX-KGX,BLAZE LIGHTER 101,6660,,6000,2,0,0,0,0,0,0,0,2,12000
GCXX-EA007-XX-KGX,BLAZE WIRE LIGHTER 101,11100,,10000,2,0,0,0,0,0,0,0,2,20000
GCXX-MX037-XX-KGX,TOP PLATE MH-388,24420,,22000,1,0,0,0,0,0,0,0,1,22000
GCXX-MX062-XX-KGX,BURNER CAP 101 (B),33300,,30000,2,0,0,0,0,0,0,0,2,60000
GCXX-PX008-XX-KGX,IGNITION KNOB CC-100,11100,,10000,2,0,0,0,0,0,0,0,2,20000
GCXX-PX017-XX-KGX,IGNITION KNOB 101 (R2),8880,,8000,8,0,0,0,0,0,0,0,8,64000
JEXX-PX049-YL-KGX,PLUNGER 607 (YELLOW),6660,,6000,2,0,0,0,0,0,0,0,2,12000
JEXX-PX056-WH-KGX,BODY 607 (WHITE),28305,,25500,2,0,0,0,0,0,0,0,2,51000
M06/MAC MGC-10T,MANIFOLD ASSEMBLY COMPLITE MGC-10T,372738,,335800,2,0,0,0,0,0,0,0,2,671600
M06/THERMO MGC-10T,THERMOSTAT MGC-10T,263070,,237000,1,0,0,0,0,0,0,0,1,237000
M08/AOC VC-7100,AIR OUTLET COVER VC-7100,6660,,6000,2,0,0,0,0,0,0,0,2,12000
M08/AOP VC-7100,AIR OUTLET PLATE VC-7100,22755,,20500,2,0,0,0,0,0,0,0,2,41000
M08/CARBON B VC-7100,CARBON BRUSH VC-7100,25530,,23000,2,0,0,0,0,0,0,0,2,46000
M08/CF VC-7100,CARBON FILTER VC-7100,35520,,32000,2,0,0,0,0,0,0,0,2,64000
M08/EB VC-7100,ELLIPSE BRUSH VC-7100,46620,,42000,2,0,0,0,0,0,0,0,2,84000
M08/EW (NEW) VC-7100,EXTENTION WANDS (NEW) VC-7100,27195,,24500,2,0,0,0,0,0,0,0,2,49000
M08/FHA VC-7100,FLEXIBLE HOSE ASSY VC-7100,360750,,325000,2,0,0,0,0,0,0,0,2,650000
M08/GASKET VC-7100,GASKET VC-7100,38850,,35000,2,0,0,0,0,0,0,0,2,70000
M08/MTR VC-7100,MOTOR VC-7100,773670,,697000,2,0,0,0,0,0,0,0,2,1394000
M08/NS VC-7100,NEW SWITCH VC-7100,66600,,60000,2,0,0,0,0,0,0,0,2,120000
M08/PC VC-7100,POWER CORD VC-7100,133200,,120000,2,0,0,0,0,0,0,0,2,240000
M10/LC TSK-258,LOWER COVER TSK-258,72150,,65000,2,0,0,0,0,0,0,0,2,130000
M10/UC TSK-258,UPPER COVER TSK-258,72150,,65000,2,0,0,0,0,0,0,0,2,130000
M19/BASE JE-507,BASE JE-507,12765,,11500,2,0,0,0,0,0,0,0,2,23000
M19/FDT JE-507,FRUIT DREGS THROUGH / SEGREGATOR JE-507,7770,,7000,2,0,0,0,0,0,0,0,2,14000
M19/HH JE-507,HOOK HOLDER JE-507,6660,,6000,2,0,0,0,0,0,0,0,2,12000
M19/MBB JE-507,MAIN BODY JE-507,32190,,29000,2,0,0,0,0,0,0,0,2,58000
M19/MTR JE-507,MOTOR JE-507,88334,,79580,2,0,0,0,0,0,0,0,2,159160
M23/PA AWD-100B/100NP,PUMP ASSY AWD-100B/100NP,13320,,12000,2,0,0,0,0,0,0,0,2,24000
M23/PA AWD-200BK/200WH,PUMP ASSY AWD-200BK/200WH,16650,,15000,2,0,0,0,0,0,0,0,2,30000
M23/PCB AWD-100B/100NP,PCB AWD-100B/100NP,35520,,32000,2,0,0,0,0,0,0,0,2,64000
M23/PCB AWD-200BK/200WH,PCB AWD-200BK/200WH,24420,,22000,2,0,0,0,0,0,0,0,2,44000
MCMX-AX027-XX-KGX,TOTAL SIDE ELEMENT ASSY 606,16650,,15000,8,0,0,0,0,0,0,0,8,120000
MCMX-AX045-XX-KGX,TOTAL SIDE ELEMENT ASSY MCM-838 (806 OHM),19980,,18000,4,0,0,0,0,0,0,0,4,72000
MCMX-AX047-XX-KGX,TOTAL SIDE ELEMENT ASSY MCM (396.5 OHM),14985,,13500,16,0,0,0,0,0,0,0,16,216000
MCMX-AX176-XX-KGX,FRONT FRAME ASSY 516,22200,,20000,2,0,0,0,0,0,0,0,2,40000
MCMX-AX362-XX-KGX,TOTAL POWER CORD ASSY 528 (SNI) GROUND (C),24420,,22000,13,0,0,0,0,0,0,0,13,286000
MCMX-AX364-BK-KGX,TOTAL TOP COVER ASSY 508 NEW (GROUND) BLACK,55500,,50000,2,0,0,0,0,0,0,0,2,100000
MCMX-AX365-WH-KGX,TOTAL TOP COVER ASSY 528 NEW (GROUND) WHITE,55500,,50000,2,0,0,0,0,0,0,0,2,100000
MCMX-AX366-PK-KGX,TOTAL TOP COVER ASSY 509 NEW (GROUND) PINK,55500,,50000,2,0,0,0,0,0,0,0,2,100000
MCMX-AX367-PL-KGX,TOTAL TOP COVER ASSY 507 NEW (GROUND) PEARL,55500,,50000,2,0,0,0,0,0,0,0,2,100000
MCMX-AX387-XX-KGX,TOTAL SIDE ELEMENT ASSY MCM-508 (396.5 OHM),16650,,15000,5,0,0,0,0,0,0,0,5,75000
MCMX-AX394-XX-KGX,TOTAL SIDE ELEMENT ASSY MCM-512 (600 OHM),16650,,15000,16,0,0,0,0,0,0,0,16,240000
MCMX-AX397-RG-KGX,OUT CASE ASSY 508 (B) ROSE GOLD HE,33300,,30000,2,0,0,0,0,0,0,0,2,60000
MCMX-AX403-XX-KGX,OUT CASE ASSY 721 (HE),22200,,20000,2,0,0,0,0,0,0,0,2,40000
MCMX-EA046-XX-KGX,WIRING ASSY MCM-707 (E),13320,,12000,8,0,0,0,0,0,0,0,8,96000
MCMX-EA054-XX-KGX,WIRING ASSY MCM-507 (A),13320,,12000,6,0,0,0,0,0,0,0,6,72000
MCMX-EA066-XX-KGX,WIRING ASSY MCM-606 (C),13320,,12000,13,0,0,0,0,0,0,0,13,156000
MCMX-EA092-XX-KGX,WIRING ASSY MCM-507 (B),13320,,12000,12,0,0,0,0,0,0,0,12,144000
MCMX-EA101-XX-KGX,CENTER THERMOSTAT ASSY (H) 145-153 DEGREES C,11100,,10000,72,0,0,0,0,0,0,0,72,720000
MCMX-EA261-CD-KGX,THERMOSTAT ASSY 81N 250V 5A WITH HOLDER (CD),11100,,10000,12,0,0,0,0,0,0,0,12,120000
MCMX-EA305-XX-KGX,CENTER THERMOSTAT ASSY MCG-171 (142 DEGREES C-150 DEGREES C),11100,,10000,20,0,0,0,0,0,0,0,20,200000
MCMX-EA328-XX-KGX,WIRING ASSY MCM-610 (B),13320,,12000,8,0,0,0,0,0,0,0,8,96000
MCMX-EA347-XX-KGX,PCB ASSY MCM-612,16650,,15000,8,0,0,0,0,0,0,0,8,120000
MCMX-EA348-XX-KGX,PCB ASSY MCM-606 A,16650,,15000,4,0,0,0,0,0,0,0,4,60000
MCMX-EA350-XX-KGX,PCB ASSY MCM-838,16650,,15000,5,0,0,0,0,0,0,0,5,75000
MCMX-EA355-XX-KGX,WIRING ASSY MCM-838 (C) R3,6660,,6000,5,0,0,0,0,0,0,0,5,30000
MCMX-EA368-XX-KGX,PCB ASSY MCG-171,22200,,20000,15,0,0,0,0,0,0,0,15,300000
MCMX-EA371-XX-KGX,WIRING ASSY MCG-171 (E) R1,16650,,15000,8,0,0,0,0,0,0,0,8,120000
MCMX-EA375-MS-KGX,PCB ASSY MCM-508 (A) R1 MAS,16650,,15000,19,0,0,0,0,0,0,0,19,285000
MCMX-EA377-MS-KGX,TOP ELEMENT ASSY MCG-171 (R2) MAS,19980,,18000,4,0,0,0,0,0,0,0,4,72000
MCMX-EA378-XX-KGX,PCB ASSY MCM-610 (R1),16650,,15000,5,0,0,0,0,0,0,0,5,75000
MCMX-EA381-XX-KGX,PCB ASSY MCM-509 (B),16650,,15000,4,0,0,0,0,0,0,0,4,60000
MCMX-EA439-XX-KGX,PCB ASSY MCM-606 B (R.1),16650,,15000,5,0,0,0,0,0,0,0,5,75000
MCMX-EA441-XX-KGX,PCB ASSY MCM-721 LST (R.1),22200,,20000,6,0,0,0,0,0,0,0,6,120000
MCMX-EA450-XX-KGX,PCB ASSY MCM-606 A (R.1),16650,,15000,5,0,0,0,0,0,0,0,5,75000
MCMX-EA479-XX-KGX,PCB ASSY MCM-638 (B),16650,,15000,3,0,0,0,0,0,0,0,3,45000
MCMX-EA483-MS-KGX,POWER CORD ASSY MCG-171 (SNI) GROUND - MAS,44400,,40000,6,0,0,0,0,0,0,0,6,240000
MCMX-EA488-XX-KGX,TOTAL HEATING PLATE ASSY 528 GROUND (395W 220V),44400,,40000,4,0,0,0,0,0,0,0,4,160000
MCMX-EA489-XX-KGX,TOTAL HEATING PLATE ASSY 512 GROUND (300W 220V),33300,,30000,2,0,0,0,0,0,0,0,2,60000
MCMX-EA496-XX-KGX,TOTAL HEATING PLATE ASSY 528 GROUND (395W 220V) R1,74370,,67000,4,0,0,0,0,0,0,0,4,268000
MCMX-EA498-XX-KGX,TOTAL HEATING PLATE ASSY 838 GROUND (450W 220V) R1,51060,,46000,1,0,0,0,0,0,0,0,1,46000
MCMX-EA499-XX-KGX,PCB ASSY MCM-516 (B),17760,,16000,5,0,0,0,0,0,0,0,5,80000
MCMX-EA530-XX-KGX,SIDE ELEMENT ASSY MCM-935 (396.5 OHM),11100,,10000,5,0,0,0,0,0,0,0,5,50000
MCMX-EA549-XX-KGX,PCB ASSY MCG-751,16650,,15000,2,0,0,0,0,0,0,0,2,30000
MCMX-EA560-XX-KGX,PCB ASSY MCM-18 BH (C),16650,,15000,13,0,0,0,0,0,0,0,13,195000
MCMX-EX018-XX-KGX,VENTILATION SILICONE 606,6660,,6000,2,0,0,0,0,0,0,0,2,12000
MCMX-EX021-XX-KGX,COVER RING SILICONE 507 (C),14985,,13500,5,0,0,0,0,0,0,0,5,67500
MCMX-EX022-XX-KGX,COVER RING SILICONE 838,11100,,10000,5,0,0,0,0,0,0,0,5,50000
MCMX-EX032-XX-KGX,VENTILATION SILICONE 607,6660,,6000,2,0,0,0,0,0,0,0,2,12000
MCMX-EX034-XX-KGX,COVER RING SILICONE 507 (E),19980,,18000,11,0,0,0,0,0,0,0,11,198000
MCMX-EX036-XX-KGX,COVER RING SILICONE 606 (B),11100,,10000,2,0,0,0,0,0,0,0,2,20000
MCMX-EX037-XX-KGX,COVER RING SILICONE 610,11100,,10000,3,0,0,0,0,0,0,0,3,30000
MCMX-EX041-XX-KGX,COVER RING SILICONE 607 (B) R2,11100,,10000,3,0,0,0,0,0,0,0,3,30000
MCMX-EX042-XX-KGX,COVER RING SILICONE 512,13320,,12000,7,0,0,0,0,0,0,0,7,84000
MCMX-MX019-XX-KGX,HINGE 706,6660,,6000,5,0,0,0,0,0,0,0,5,30000
MCMX-MX058-SP-KGX,ALUMINIUM PAN 606 (SPRAY) BLACK,31635,,28500,5,0,0,0,0,0,0,0,5,142500
MCMX-MX082-SP-KGX,ALUMINIUM PAN 838 (SPRAY),76590,,69000,2,0,0,0,0,0,0,0,2,138000
MCMX-MX112-AN-KGX,TOP COVER BASE 507 (C) ANODIZE,13320,,12000,3,0,0,0,0,0,0,0,3,36000
MCMX-MX126-GY-KGX,ALUMINIUM PAN 171 (1.5 MM) GREY,239982,,216200,2,0,0,0,0,0,0,0,2,432400
MCMX-MX161-XX-KGX,ALUMINIUM PAN 528 (STAMPING),51060,,46000,11,0,0,0,0,0,0,0,11,506000
MCMX-MX164-XX-KGX,ALUMINIUM PAN 610,38806,,34960,4,0,0,0,0,0,0,0,4,139840
MCMX-MX201-SP-KGX,ALUMINIUM PAN 1.2 L (SPRAY),38806,,34960,5,0,0,0,0,0,0,0,5,174800
MCMX-MX222-XX-KGX,LEVER HOUSING 607 (B),6660,,6000,2,0,0,0,0,0,0,0,2,12000
MCMX-MX248-PN-KGX,INNER CASE 528 (R3) PAINT.,24420,,22000,2,0,0,0,0,0,0,0,2,44000
MCMX-MX251-GY-KGX,ALUMINIUM PAN 2 L (NANOAL) GREY,66600,,60000,7,0,0,0,0,0,0,0,7,420000
MCMX-MX254-GY-KGX,ALUMINIUM PAN 1.8 L SBC (GREY),61050,,55000,8,0,0,0,0,0,0,0,8,440000
MCMX-MX303-BX-KGX,ALUMINIUM PAN MCM-18 BH (B)-B R1,85470,,77000,2,0,0,0,0,0,0,0,2,154000
MCMX-PX006-TR-KGX,WATER COLLECTOR 507 (TRANSPARENT),6660,,6000,4,0,0,0,0,0,0,0,4,24000
MCMX-PX081-PK-KGX,STEAM VENT COVER 507 (PINK),6660,,6000,11,0,0,0,0,0,0,0,11,66000
MCMX-PX082-PK-KGX,STEAM VENT HOLDER 507 (PINK),6660,,6000,11,0,0,0,0,0,0,0,11,66000
MCMX-PX086-BL-KGX,STEAM VENT HOLDER 606 (BLUE),6660,,6000,6,0,0,0,0,0,0,0,6,36000
MCMX-PX087-BL-KGX,STEAM VENT COVER 606 (BLUE),6660,,6000,6,0,0,0,0,0,0,0,6,36000
MCMX-PX089-BL-KGX,CLAMP KNOB 606 (BLUE),6660,,6000,5,0,0,0,0,0,0,0,5,30000
MCMX-PX099-TR-KGX,STEAMER 606 (TRANSPARENT),6660,,6000,2,0,0,0,0,0,0,0,2,12000
MCMX-PX115-BK-KGX,FRONT FRAME MCM-18 BH (BLACK),6660,,6000,3,0,0,0,0,0,0,0,3,18000
MCMX-PX115-PL-KGX,FRONT FRAME MCM-18 BH (PEARL),6660,,6000,5,0,0,0,0,0,0,0,5,30000
MCMX-PX162-TR-KGX,STEAMER MCM-838 (TRANSPARENT),8880,,8000,2,0,0,0,0,0,0,0,2,16000
MCMX-PX166-TR-KGX,WATER COLLECTOR 508 (C),6660,,6000,2,0,0,0,0,0,0,0,2,12000
MCMX-PX259-WH-KGX,CLAMP KNOB 528 (WHITE),6660,,6000,3,0,0,0,0,0,0,0,3,18000
MCMX-PX274-BG-KGX,TOP COVER 507 (D) BEIGE,13320,,12000,2,0,0,0,0,0,0,0,2,24000
MCMX-PX292-PL-KGX,OUT CASE RING 507 (E) PEARL,11100,,10000,5,0,0,0,0,0,0,0,5,50000
MCMX-PX294-BG-KGX,TOP LOWER COVER 507 (E) BEIGE,13320,,12000,5,0,0,0,0,0,0,0,5,60000
MCMX-PX301-BK-KGX,CLAMP KNOB 606 (B) BLACK,6660,,6000,5,0,0,0,0,0,0,0,5,30000
MCMX-PX301-BL-KGX,CLAMP KNOB 606 (B) BLUE,6660,,6000,7,0,0,0,0,0,0,0,7,42000
MCMX-PX334-TR-KGX,WATER COLLECTOR 606 (C),6660,,6000,2,0,0,0,0,0,0,0,2,12000
MCMX-PX335-TR-KGX,STEAMER 612 (B) TRANSPARENT,6660,,6000,2,0,0,0,0,0,0,0,2,12000
MCMX-PX348-BK-KGX,CLAMP KNOB 508 (C) BLACK,6660,,6000,5,0,0,0,0,0,0,0,5,30000
MCMX-PX353-BG-KGX,STEAM VENT HOLDER 638 (B) BEIGE,6660,,6000,2,0,0,0,0,0,0,0,2,12000
MCMX-PX354-BG-KGX,STEAM VENT COVER 638 (B) BEIGE,6660,,6000,2,0,0,0,0,0,0,0,2,12000
MCMX-PX368-BG-KGX,LEVER KNOB 607 (BEIGE),6660,,6000,5,0,0,0,0,0,0,0,5,30000
MCMX-PX371-BG-KGX,CLAMP KNOB 607 (BEIGE),6660,,6000,5,0,0,0,0,0,0,0,5,30000
MCMX-PX383-WH-KGX,TOP COVER 612 (B) WHITE,13320,,12000,2,0,0,0,0,0,0,0,2,24000
MCMX-PX427-WH-KGX,LEVER KNOB 638 (D) WHITE,6660,,6000,3,0,0,0,0,0,0,0,3,18000
MCMX-PX478-BK-KGX,BASE COVER 508 (H) BLACK,14430,,13000,3,0,0,0,0,0,0,0,3,39000
MCMX-PX484-BK-KGX,FRONT FRAME 508 (D) V-0 (BLACK),6660,,6000,4,0,0,0,0,0,0,0,4,24000
MCMX-PX486-BK-KGX,LEVER KNOB 508 (E) BLACK,6660,,6000,5,0,0,0,0,0,0,0,5,30000
MCMX-PX486-WH-KGX,LEVER KNOB 508 (E) WHITE,6660,,6000,2,0,0,0,0,0,0,0,2,12000
MCMX-PX488-BS-KGX,FRONT FRAME MCG-171 (BLACK) SABLON,11100,,10000,4,0,0,0,0,0,0,0,4,40000
MCMX-PX489-BK-KGX,FRONT FRAME HOLDER MCG-171 (BLACK),11100,,10000,4,0,0,0,0,0,0,0,4,40000
MCMX-PX492-WH-KGX,SPOON 508 (WHITE),6660,,6000,2,0,0,0,0,0,0,0,2,12000
MCMX-PX495-BL-KGX,BASE COVER 612 (C) BLUE WITH LABEL,14985,,13500,2,0,0,0,0,0,0,0,2,27000
MCMX-PX496-PL-KGX,LEVER KNOB 507 (E) PEARL,6660,,6000,5,0,0,0,0,0,0,0,5,30000
MCMX-PX499-BG-KGX,BODY 612 (D) BEIGE,16650,,15000,3,0,0,0,0,0,0,0,3,45000
MCMX-PX503-BK-KGX,LEVER KNOB 171 (BLACK),11100,,10000,3,0,0,0,0,0,0,0,3,30000
MCMX-PX509-BK-KGX,CLAMP KNOB 512 (BLACK),6660,,6000,5,0,0,0,0,0,0,0,5,30000
MCMX-PX509-BL-KGX,CLAMP KNOB 512 (BLUE),6660,,6000,5,0,0,0,0,0,0,0,5,30000
MCMX-PX509-LP-KGX,CLAMP KNOB 512 (LIGHT PINK),6660,,6000,2,0,0,0,0,0,0,0,2,12000
MCMX-PX511-LP-KGX,STEAM VENT COVER 512 (LIGHT PINK),6660,,6000,2,0,0,0,0,0,0,0,2,12000
MCMX-PX518-BK-KGX,TOP COVER 508 NEW (BLACK),13320,,12000,2,0,0,0,0,0,0,0,2,24000
MCMX-PX518-WH-KGX,TOP COVER 508 NEW (WHITE),13320,,12000,2,0,0,0,0,0,0,0,2,24000
MCMX-PX521-BK-KGX,OUT CASE RING 508 NEW (BLACK),11100,,10000,4,0,0,0,0,0,0,0,4,40000
MCMX-PX521-WH-KGX,OUT CASE RING 508 NEW (WHITE),11100,,10000,5,0,0,0,0,0,0,0,5,50000
MCMX-PX523-BK-KGX,CLAMP KNOB 508 NEW (BLACK),6660,,6000,3,0,0,0,0,0,0,0,3,18000
MCMX-PX523-WH-KGX,CLAMP KNOB 508 NEW (WHITE),6660,,6000,5,0,0,0,0,0,0,0,5,30000
MCMX-PX524-XX-KGX,WATER COLLECTOR 508 NEW,6660,,6000,4,0,0,0,0,0,0,0,4,24000
MCMX-PX538-LG-KGX,HANDLE COVER 509 NEW (LIGHT GREEN),6660,,6000,3,0,0,0,0,0,0,0,3,18000
MCMX-PX538-VI-KGX,HANDLE COVER 509 NEW (VIOLET),6660,,6000,3,0,0,0,0,0,0,0,3,18000
MCMX-PX540-WH-KGX,OUT CASE 509 NEW (WHITE),13320,,12000,2,0,0,0,0,0,0,0,2,24000
MCMX-PX541-PK-KGX,OUT CASE RING 509 NEW (PINK),11100,,10000,4,0,0,0,0,0,0,0,4,40000
MCMX-PX542-WH-KGX,TOP COVER 509 NEW (WHITE),13320,,12000,5,0,0,0,0,0,0,0,5,60000
MCMX-PX548-BK-KGX,HANDLE COVER 507 NEW (BLACK),6660,,6000,8,0,0,0,0,0,0,0,8,48000
MCMX-PX548-PK-KGX,HANDLE COVER 507 NEW (PINK),6660,,6000,8,0,0,0,0,0,0,0,8,48000
MCMX-PX548-PL-KGX,HANDLE COVER 507 NEW (PEARL),6660,,6000,3,0,0,0,0,0,0,0,3,18000
MCMX-PX549-BK-KGX,CLAMP KNOB 507 NEW (BLACK),6660,,6000,2,0,0,0,0,0,0,0,2,12000
MCMX-PX549-PL-KGX,CLAMP KNOB 507 NEW (PEARL),6660,,6000,5,0,0,0,0,0,0,0,5,30000
MCMX-PX549-WH-KGX,CLAMP KNOB 507 NEW (WHITE),6660,,6000,3,0,0,0,0,0,0,0,3,18000
MCMX-PX550-BK-KGX,HANDLE 507 NEW (BLACK),6660,,6000,5,0,0,0,0,0,0,0,5,30000
MCMX-PX550-PK-KGX,HANDLE 507 NEW (PINK),6660,,6000,5,0,0,0,0,0,0,0,5,30000
MCMX-PX552-WH-KGX,TOP COVER 507 NEW (WHITE),13320,,12000,3,0,0,0,0,0,0,0,3,36000
MCMX-PX557-WH-KGX,OUT CASE 507 NEW (WHITE),16650,,15000,2,0,0,0,0,0,0,0,2,30000
MCMX-PX562-WH-KGX,TOP COVER 528 NEW (WHITE),13320,,12000,3,0,0,0,0,0,0,0,3,36000
MCMX-PX563-WH-KGX,OUT CASE RING 528 NEW (WHITE),11100,,10000,3,0,0,0,0,0,0,0,3,30000
MCMX-PX571-XX-KGX,STEAMER MCG-171 (PL),27750,,25000,2,0,0,0,0,0,0,0,2,50000
MCMX-PX593-BK-KGX,CLAMP KNOB 528 NEW (BLACK),6660,,6000,5,0,0,0,0,0,0,0,5,30000
MCMX-PX593-WH-KGX,CLAMP KNOB 528 NEW (WHITE),6660,,6000,4,0,0,0,0,0,0,0,4,24000
MCMX-PX594-WH-KGX,HANDLE HOLDER 528 NEW (WHITE),6660,,6000,3,0,0,0,0,0,0,0,3,18000
MCMX-PX595-WH-KGX,TOP COVER SUPPORT 528 NEW (WHITE),13320,,12000,3,0,0,0,0,0,0,0,3,36000
MCMX-PX596-WH-KGX,SUPPORT COVER 528 NEW (WHITE),11100,,10000,3,0,0,0,0,0,0,0,3,30000
MCMX-PX642-VI-KGX,BODY 512 (B) VIOLET,16650,,15000,2,0,0,0,0,0,0,0,2,30000
MCMX-PX661-WH-KGX,FRONT FRAME 506 (PC) WHITE,6660,,6000,2,0,0,0,0,0,0,0,2,12000
MCMX-PX662-BL-KGX,FRONT FRAME HOLDER 506 (PC) BLUE,6660,,6000,2,0,0,0,0,0,0,0,2,12000
MCMX-PX664-WH-KGX,TOP COVER 506 (WHITE),13320,,12000,2,0,0,0,0,0,0,0,2,24000
MCMX-PX701-BL-KGX,BASE COVER 606 (D) BLUE WITH NPB 2023,13320,,12000,2,0,0,0,0,0,0,0,2,24000
MCMX-PX716-BK-KGX,TOP COVER SUPPORT 508 NEW (C) BLACK,13320,,12000,5,0,0,0,0,0,0,0,5,60000
MJRX-EX001-XX-KGX,SILICONE HOLDER 752,6660,,6000,12,0,0,0,0,0,0,0,12,72000
MJXX-AX011-XX-KGX,TOTAL SIDE ELEMENT ASSY MJ-20 (B2),27750,,25000,5,0,0,0,0,0,0,0,5,125000
MJXX-AX012-XX-KGX,TOTAL TOP ELEMENT ASSY MJ-20,22200,,20000,4,0,0,0,0,0,0,0,4,80000
MJXX-AX015-XX-KGX,TOTAL SIDE ELEMENT ASSY MJ-20 (B1),27750,,25000,5,0,0,0,0,0,0,0,5,125000
MJXX-EA012-XX-KGX,WIRING ASSY MJ-20 (C),22200,,20000,2,0,0,0,0,0,0,0,2,40000
MJXX-EA039-XX-KGX,PCB ASSY MJG-201 (B),16650,,15000,2,0,0,0,0,0,0,0,2,30000
MJXX-MX022-PC-KGX,ALUMINIUM PAN MJ-20 (B) PRECOATED GREY,183150,,165000,1,0,0,0,0,0,0,0,1,165000
PCSH-MX003-XX-KGX,LOCK STICK SPRING,6660,,6000,13,0,0,0,0,0,0,0,13,78000
RCHC-EA095-XX-KGX,TOTAL HEATING PLATE ASSY HC-46 (R3),153180,,138000,1,0,0,0,0,0,0,0,1,138000
RCHC-EX012-XX-KGX,COVER RING SILICONE HC-46 (B),17760,,16000,1,0,0,0,0,0,0,0,1,16000
RCHC-MX007-XX-KGX,THERMOFUSE HOLDER HR-200,6660,,6000,5,0,0,0,0,0,0,0,5,30000
RCJR-PX011-TR-KGX,STEAMER RC 6 (TRANSPARENT),6660,,6000,3,0,0,0,0,0,0,0,3,18000
RM-101M,REGULATOR,86580,,78000,3,0,0,0,0,0,0,0,3,234000
SFMX-AX022-XX-KGX,GEAR BOX ASSY 16 INCH,16650,,15000,15,0,0,0,0,0,0,0,15,225000
SFMX-AX068-XX-KGX,PCB CONTROL ASSY T,24420,,22000,4,0,0,0,0,0,0,0,4,88000
SFMX-AX082-XX-KGX,TOTAL PCB CONTROL ASSY KST-18 RC,25530,,23000,2,0,0,0,0,0,0,0,2,46000
SFMX-AX120-XX-KGX,GEAR BOX ASSY 1662,16650,,15000,16,0,0,0,0,0,0,0,16,240000
SFMX-AX196-XX-KGX,GEAR BOX ASSY KST-18 RC (CF),20535,,18500,9,0,0,0,0,0,0,0,9,166500
SFMX-AX208-GR-KGX,4 SWITCH ASSY N (INSERT WIRE) GREEN 372 C,13320,,12000,6,0,0,0,0,0,0,0,6,72000
SFMX-AX209-WC-KGX,4 SWITCH ASSY S (WHITE CR) INSERT WIRE,13320,,12000,10,0,0,0,0,0,0,0,10,120000
SFMX-AX251-BL-KGX,4 SWITCH ASSY N (INSERT WIRE) BLUE (YF),13320,,12000,6,0,0,0,0,0,0,0,6,72000
SFMX-EA132-XX-KGX,POWER CORD ASSY STAND FAN (SNI) CBX,20535,,18500,3,0,0,0,0,0,0,0,3,55500
SFMX-EA199-HW-KGX,PCB ASSY KST-18 RC (B) HW,49950,,45000,5,0,0,0,0,0,0,0,5,225000
SFMX-EA199-XX-KGX,PCB ASSY KST-18 RC (B),49950,,45000,3,0,0,0,0,0,0,0,3,135000
SFMX-EA303-XX-KGX,CAPACITOR ASSY (B) 1.5  MICRON F 400 VAC (S),11100,,10000,27,0,0,0,0,0,0,0,27,270000
SFMX-EA316-XX-KGX,CAPACITOR 3 MICRON F 400 VAC,17205,,15500,17,0,0,0,0,0,0,0,17,263500
SFMX-EA358-XX-KGX,"MOTOR ASSY EF 9 INCH (CF) CAP. 0,7 MICROFARAD",132756,,119600,2,0,0,0,0,0,0,0,2,239200
SFMX-EA378-XX-KGX,TEJARI PCB ASSY WITH SOCKET,51060,,46000,1,0,0,0,0,0,0,0,1,46000
SFMX-EA382-XX-KGX,MOTOR ASSY 1662 (SD) WITH OSCILATION EXTENSION,153180,,138000,2,0,0,0,0,0,0,0,2,276000
SFMX-EA402-XX-KGX,MOTOR ASSY EF 16 INCH TJR (B) SD,142968,,128800,4,0,0,0,0,0,0,0,4,515200
SFMX-EA421-XX-KGX,MOTOR ASSY EF 12 INCH (SS 13 MM) SD (NEW FRAME) B,153180,,138000,2,0,0,0,0,0,0,0,2,276000
SFMX-EA426-XX-KGX,MOTOR ASSY EF 16 INCH (SS 16 MM) GG CAP 1.8 MF,122100,,110000,5,0,0,0,0,0,0,0,5,550000
SFMX-EA427-XX-KGX,MOTOR ASSY EF 1606 X (GG) CAP 1.8 MF,164280,,148000,3,0,0,0,0,0,0,0,3,444000
SFMX-EA458-XX-KGX,MOTOR ASSY KST-18 RC (UM) DB,216450,,195000,4,0,0,0,0,0,0,0,4,780000
SFMX-EA469-XX-KGX,MOTOR ASSY KDB-18 (SD) FRAME HY WITH ALUMINIUM GEARBOX,208680,,188000,2,0,0,0,0,0,0,0,2,376000
SFMX-EA480-XX-KGX,MOTOR ASSY KSB-18 (SD),222000,,200000,2,0,0,0,0,0,0,0,2,400000
SFMX-MX128-XX-KGX,HANGER T (B),6660,,6000,2,0,0,0,0,0,0,0,2,12000
SFMX-MX222-XX-KGX,HANGER 1662,6660,,6000,2,0,0,0,0,0,0,0,2,12000
SFMX-PX018-BK-KGX,GRILLE HOLDER (BLACK),6660,,6000,2,0,0,0,0,0,0,0,2,12000
SFMX-PX022-DB-KGX,BLADE (DARK BLUE),13320,,12000,11,0,0,0,0,0,0,0,11,132000
SFMX-PX022-DG-KGX,BLADE (DARK GREY),13320,,12000,5,0,0,0,0,0,0,0,5,60000
SFMX-PX022-GR-KGX,BLADE (GREEN),13320,,12000,5,0,0,0,0,0,0,0,5,60000
SFMX-PX029-BK-KGX,OSCILATOR KNOB (SP) BLACK,6660,,6000,10,0,0,0,0,0,0,0,10,60000
SFMX-PX029-WC-KGX,OSCILATOR KNOB (SP) WHITE CR,6660,,6000,13,0,0,0,0,0,0,0,13,78000
SFMX-PX299-DB-KGX,BLADE 927 (B) DARK BLUE,6660,,6000,2,0,0,0,0,0,0,0,2,12000
SFMX-PX453-BK-KGX,OSCILATOR KNOB KST-18 RC (CF),6660,,6000,10,0,0,0,0,0,0,0,10,60000
SFMX-PX473-WH-KGX,FRONT BODY 1618 PD (WHITE),16650,,15000,5,0,0,0,0,0,0,0,5,75000
SFMX-PX474-WH-KGX,BACK BODY 1618 PD (WHITE),6660,,6000,5,0,0,0,0,0,0,0,5,30000
SFMX-PX477-XX-KGX,BLADE HOLDER 927 (D),6660,,6000,2,0,0,0,0,0,0,0,2,12000
SFMX-PX478-BK-KGX,BLADE HOLDER 16 (B) BLACK,6660,,6000,2,0,0,0,0,0,0,0,2,12000
SFMX-PX480-WH-KGX,PIPE LOCK (C) WHITE,6660,,6000,2,0,0,0,0,0,0,0,2,12000
SFMX-PX495-BK-KGX,NECK 18 INCH (B) BLACK,11100,,10000,4,0,0,0,0,0,0,0,4,40000
SMXX-AX038-XX-KGX,DOUGH HOOK 620 FLAT WITH GEAR (DW) R3 (RIGHT THREAD DIRECTION),13320,,12000,4,0,0,0,0,0,0,0,4,48000
SMXX-AX049-WH-KGX,LEFT HOUSING 625 (B) WITH HOT PRINT LABEL,17760,,16000,9,0,0,0,0,0,0,0,9,144000
SMXX-AX069-XX-KGX,MOTOR MIXER ASSY 610 WITH SOCKET,107226,,96600,6,0,0,0,0,0,0,0,6,579600
SMXX-AX072-YL-KGX,TOTAL ROTARY SWITCH ASSY 620 (YELLOW) SOCKET,16650,,15000,7,0,0,0,0,0,0,0,7,105000
SMXX-AX074-XX-KGX,BEATER 620 WITH GEAR (YK),11100,,10000,8,0,0,0,0,0,0,0,8,80000
SMXX-MX075-XX-KGX,DOUGH HOOK 620 FLAT (DW) (LEFT THREAD DIRECTION),13320,,12000,4,0,0,0,0,0,0,0,4,48000
SMXX-MX088-XX-KGX,BEATER 620 (YK),16650,,15000,9,0,0,0,0,0,0,0,9,135000
SMXX-PX025-YL-KGX,EJECT BUTTON 625 (YELLOW),6660,,6000,2,0,0,0,0,0,0,0,2,12000
SMXX-PX108-WH-KGX,MOTOR GEAR 625 (+) WHITE,6660,,6000,28,0,2,0,0,0,0,0,26,156000
SMXX-PX116-WH-KGX,RIGHT HOUSING 625 (B),13320,,12000,9,0,0,0,0,0,0,0,9,108000
WDXX-AX056-XX-KGX,DRAIN CAP ASSY 389,6660,,6000,1,0,0,0,0,0,0,0,1,6000
WDXX-AX218-BL-KGX,BLUE WATER TAP BODY,11100,,10000,5,0,0,0,0,0,0,0,5,50000
WDXX-AX218-GR-KGX,GREEN WATER TAP BODY,11100,,10000,4,0,0,0,0,0,0,0,4,40000
WDXX-AX218-PK-KGX,PINK WATER TAP BODY,11100,,10000,3,0,0,0,0,0,0,0,3,30000
WDXX-AX218-RD-KGX,RED WATER TAP BODY,11100,,10000,2,0,0,0,0,0,0,0,2,20000
WDXX-AX219-BL-KGX,BLUE PUSH WATER TAP BODY,11100,,10000,15,0,0,0,0,0,0,0,15,150000
WDXX-AX219-GR-KGX,GREEN PUSH WATER TAP BODY,11100,,10000,14,0,0,0,0,0,0,0,14,140000
WDXX-AX219-RD-KGX,RED PUSH WATER TAP BODY,11100,,10000,2,0,0,0,0,0,0,0,2,20000
WDXX-AX222-XX-KGX,WATER SENSOR C ASSY,27750,,25000,11,0,0,0,0,0,0,0,11,275000
WDXX-AX231-XX-KGX,TOTAL WATER CONNECTING ASSY,66600,,60000,2,0,0,0,0,0,0,0,2,120000
WDXX-AX289-XX-KGX,TANK ASSY (X) ROLL NO THERMOSTAT (LOWER),33700,,30360,11,0,0,0,0,0,0,0,11,333960
WDXX-AX294-BL-KGX,BLUE WATER TAP ASSY (E) 2,11100,,10000,7,0,0,0,0,0,0,0,7,70000
WDXX-AX294-RD-KGX,RED WATER TAP ASSY (E) 2,11100,,10000,7,0,0,0,0,0,0,0,7,70000
WDXX-AX308-LM-KGX,PUMP ASSY WDP (LMZ),81696,,73600,12,0,0,0,0,0,0,0,12,883200
WDXX-AX311-BL-KGX,BLUE PUSH WATER TAP ASSY (F),11100,,10000,4,0,0,0,0,0,0,0,4,40000
WDXX-AX311-RD-KGX,RED PUSH WATER TAP ASSY (F),11100,,10000,5,0,0,0,0,0,0,0,5,50000
WDXX-AX312-XX-KGX,WATER TAP LEFT FOR WDP (B),11100,,10000,3,0,0,0,0,0,0,0,3,30000
WDXX-AX313-XX-KGX,WATER TAP RIGHT FOR WDP (B),11100,,10000,3,0,0,0,0,0,0,0,3,30000
WDXX-EA143-GR-KGX,POWER SWITCH ASSY (TDA) GREEN,6660,,6000,3,0,0,0,0,0,0,0,3,18000
WDXX-EA143-RD-KGX,POWER SWITCH ASSY (TDA) RED,6660,,6000,3,0,0,0,0,0,0,0,3,18000
WDXX-EA213-XX-KGX,POWER SWITCH (BLUE),6660,,6000,3,0,0,0,0,0,0,0,3,18000
WDXX-EA318-XX-KGX,PCB ASSY WD-185 H (R1),13320,,12000,13,0,0,0,0,0,0,0,13,156000
WDXX-EA327-XX-KGX,PCB ASSY WDP-300 (R2),22200,,20000,5,0,0,0,0,0,0,0,5,100000
WDXX-EA337-TP-KGX,THERMOSTAT ASSY 86N 250V 10A (TP),11100,,10000,22,0,0,0,0,0,0,0,22,220000
WDXX-EA351-XX-KGX,SWITCH  AND  ELECTRICAL SOURCE (D),55500,,50000,7,0,0,0,0,0,0,0,7,350000
WDXX-EA354-XX-KGX,MAIN PCB FOR WDP-300 (D),67710,,61000,7,0,0,0,0,0,0,0,7,427000
WDXX-EA389-XX-KGX,COOLING ELEMENT WDP (B),77700,,70000,14,0,0,0,0,0,0,0,14,980000
WDXX-EA398-XX-KGX,PCB ASSY WD HOT AND NORMAL (A),13320,,12000,9,0,0,0,0,0,0,0,9,108000
WDXX-EA404-NL-KGX,FAN ASSY WDP (R4) NL,16650,,15000,15,0,0,0,0,0,0,0,15,225000
WDXX-EX002-XX-KGX,SILICONE TUBE B,6660,,6000,5,0,0,0,0,0,0,0,5,30000
WDXX-EX005-XX-KGX,SILICONE TUBE E,6660,,6000,5,0,0,0,0,0,0,0,5,30000
WDXX-EX008-XX-KGX,DRAIN COVER,6660,,6000,5,0,0,0,0,0,0,0,5,30000
WDXX-EX033-XX-KGX,SILICONE TUBE Q,11100,,10000,5,0,0,0,0,0,0,0,5,50000
WDXX-EX039-XX-KGX,SILICONE DRAIN CAP,6660,,6000,5,0,0,0,0,0,0,0,5,30000
WDXX-EX049-XX-KGX,SILICONE B1,6660,,6000,3,0,0,0,0,0,0,0,3,18000
WDXX-EX068-XX-KGX,SUB SILICONE TUBE C1,6660,,6000,27,0,0,0,0,0,0,0,27,162000
WDXX-EX069-XX-KGX,SUB SILICONE TUBE C2,6660,,6000,27,0,0,0,0,0,0,0,27,162000
WDXX-EX070-XX-KGX,SILICONE TUBE U1,6660,,6000,5,0,0,0,0,0,0,0,5,30000
WDXX-EX086-XX-KGX,SILICONE TUBE W,6660,,6000,4,0,0,0,0,0,0,0,4,24000
WDXX-EX108-XX-KGX,SILICONE DRAIN CAP (A),6660,,6000,5,0,0,0,0,0,0,0,5,30000
WDXX-EX113-XX-KGX,SILICONE TUBE V (B),6660,,6000,5,0,0,0,0,0,0,0,5,30000
WDXX-EX131-XX-KGX,SILICONE TUBE I1,6660,,6000,7,0,0,0,0,0,0,0,7,42000
WDXX-EX134-XX-KGX,SILICONE I2,11100,,10000,4,0,0,0,0,0,0,0,4,40000
WDXX-EX135-XX-KGX,SILICONE TUBE V (C),6660,,6000,5,0,0,0,0,0,0,0,5,30000
WDXX-EX152-XX-KGX,SILICONE TUBE T5,6660,,6000,5,0,0,0,0,0,0,0,5,30000
WDXX-EX153-XX-KGX,SILICONE J2,6660,,6000,3,0,0,0,0,0,0,0,3,18000
WDXX-EX187-XX-KGX,SILICONE TUBE E 329,6660,,6000,5,0,0,0,0,0,0,0,5,30000
WDXX-EX190-XX-KGX,SILICONE TUBE T5 185,6660,,6000,4,0,0,0,0,0,0,0,4,24000
WDXX-EX191-XX-KGX,SILICONE TUBE W 185,6660,,6000,5,0,0,0,0,0,0,0,5,30000
WDXX-MX026-XX-KGX,HINGE DOOR 389 (B),6660,,6000,5,0,0,0,0,0,0,0,5,30000
WDXX-MX048-XX-KGX,HINGE DOOR 389 (A1),6660,,6000,5,0,0,0,0,0,0,0,5,30000
WDXX-PX012-GR-KGX,PUNCHER 189 (GREEN),11100,,10000,7,0,0,0,0,0,0,0,7,70000
WDXX-PX012-RD-KGX,PUNCHER 189 (RED),11100,,10000,9,0,0,0,0,0,0,0,9,90000
WDXX-PX017-GR-KGX,RESERVOIR GRILLE 189 (GREEN),6660,,6000,6,0,0,0,0,0,0,0,6,36000
WDXX-PX018-GR-KGX,RESERVOIR 189 (GREEN),6660,,6000,5,0,0,0,0,0,0,0,5,30000
WDXX-PX049-BL-KGX,RESERVOIR 290 (BLUE),6660,,6000,6,0,0,0,0,0,0,0,6,36000
WDXX-PX050-BL-KGX,RESERVOIR GRILLE 290 (BLUE),6660,,6000,6,0,0,0,0,0,0,0,6,36000
WDXX-PX056-XX-KGX,PLASTIC PIPE (J),6660,,6000,10,0,0,0,0,0,0,0,10,60000
WDXX-PX196-XX-KGX,UNSPILLING COVER (B),6660,,6000,5,0,0,0,0,0,0,0,5,30000
WDXX-PX219-LG-KGX,FRONT PANEL 300 (LIGHT GREY),22200,,20000,1,0,0,0,0,0,0,0,1,20000
WDXX-PX248-WH-KGX,TOP BODY 189 (WHITE) WITH LABEL,42890,,38640,2,0,0,0,0,0,0,0,2,77280
WDXX-PX259-WH-KGX,TOP BODY 190 (P) WHITE,22200,,20000,2,0,0,0,0,0,0,0,2,40000
WDXX-PX280-BK-KGX,BOTTOM COVER 300 (PP) BLACK,29970,,27000,1,0,0,0,0,0,0,0,1,27000
WDXX-PX281-XX-KGX,BOTTOM COVER 300 (AB) PP,29970,,27000,2,0,0,0,0,0,0,0,2,54000
WDXX-PX385-WH-KGX,TOP BODY 189 (C) WHITE,34965,,31500,2,0,0,0,0,0,0,0,2,63000
WDXX-PX386-WH-KGX,TOP BODY 190 (C) WHITE,22200,,20000,2,0,0,0,0,0,0,0,2,40000
WDXX-PX387-XX-KGX,PLASTIC PIPE WD DIA. 6.5 X 220 MM,6660,,6000,19,0,0,0,0,0,0,0,19,114000
TOTAL Merk MIYAKO,,,,,2207,0,2,0,0,1,0,50,2154,44354260
,,,,,,,,,,,,,,
Kode Sparepart,Nama Sparepart,,,Harga,S Awal,Beli,Jual,Retur,Mutasi T,Mutasi K,Terima,Keluar,S Akhir,Total
2RSP-23,HOSE END,,,20000,3,0,0,0,0,0,0,0,3,60000
B2A109-2,BURNER ASSY (TTC) RI-712 NEW,,,29500,11,0,0,0,0,0,0,0,11,324500
B2A117-6-2X03,ELECTRODE,,,10000,2,0,0,0,0,0,0,0,2,20000
B2A76-2,BIG BURNER ASSY (RT-5/RT-7),,,27000,12,0,0,0,0,0,0,0,12,324000
B2A76-7,BURNER SUPPORT SPRING (RT-5/RT-7),,,6000,3,0,0,0,0,0,0,0,3,18000
B2A78-2,SMALL BURNER ASSY (RT-5/RT-7),,,25000,8,0,0,0,0,0,0,0,8,200000
B2A96-1,BURNER HEAD (BIG DIA. 114),,,86480,6,0,0,0,0,0,0,0,6,518880
B2A99-1,BURNER HEAD (TTC DIA. 110),,,75440,11,0,0,0,0,0,0,0,11,829840
B2A99-8X02,SIMMER BURNER HEAD (TTC),,,24000,7,0,0,0,0,0,0,0,7,168000
B2A99-9-5,SIMMER BURNER VENTURY ASSY (TTC) RI-6/52 (SUS),,,19000,5,0,0,0,0,0,0,0,5,95000
B2A99-9-6,SIMMER BURNER VENTURY ASSY (TTC) RI-511 (SUS),,,19000,8,0,0,0,0,0,0,0,8,152000
B2A99-9-7,SIMMER BURNER VENTURY ASSY (RI-712) SUS,,,16000,5,0,0,0,0,0,0,0,5,80000
B2B103-2-2X01,SIMMER BURNER HEAD (CERAMIC COAT RB-2SS),,,21500,6,0,0,0,0,0,0,2,4,86000
B2B103-3-2X01-2PL,H BURNER DIA. 151 (PLATING) DIA. 9,,,194120,6,0,0,0,0,0,0,2,4,776480
B2B104-1-2X04,BURNER HEAD (H CERAMIC COAT RDB-22),,,135240,5,0,0,0,0,0,0,2,3,405720
B2B146-02S,SIMMER BURNER HEAD (RB-7503D),,,44160,4,0,0,0,0,0,0,0,4,176640
B2B148-01-EM,H BURNER CAP RB-712/713 (ENAMEL MATT),,,25000,4,0,0,0,0,0,0,0,4,100000
B2B148-02-EM,SIMMER BURNER CAP H (ENAMEL MATT),,,13000,3,0,0,0,0,0,0,0,3,39000
B2B148-03X08,BURNER BODY ASSY (H SEMI DOUBLE RING),,,143520,3,0,0,0,0,0,0,0,3,430560
B2B149-01-EM,SMALL BURNER CAP ASSY (ENAMEL MATT),,,25000,3,0,0,0,0,0,0,0,3,75000
B2B149-04X03,BURNER BODY (ASSY S),,,54280,2,0,0,0,0,0,0,0,2,108560
B2B149-05X01,NOZZLE HOLDER S (FOR S BURNER),,,51520,2,0,0,0,0,0,0,0,2,103040
B2B153-01SX02,BURNER HEAD (H RB-7502/7503D),,,138000,2,0,0,0,0,0,0,0,2,276000
B2B153-03S,BURNER BODY ASSY (H RB-7502/7503D),,,136160,2,0,0,0,0,0,0,0,2,272320
B62-TY01-025-XX1,LAMP (LED) RH-126/127/229,,,50000,2,0,0,0,0,0,0,0,2,100000
C10A-84S-2X02,THERMOCOUPLE ASSY L = 450,,,43240,2,0,0,0,0,0,0,2,0,0
C114K-3-5,SV GAS VALVE ASSY (SV LPG 2P),,,156400,2,0,0,0,0,0,0,0,2,312800
C5Q-1-1-TAX02-0.88,"GAS VALVE SINGLE TOTAL ASSY DIA. 0,88 LPG",,,85000,4,0,0,0,0,0,0,0,4,340000
C5Q-1-3-TAx02-0.88,"GAS VALVE SINGLE TOTAL ASSY DIA. 0,88 LPG",,,85000,10,0,0,0,0,0,0,0,10,850000
C5Q-2-1-TA-1-0.95/0.35,"GAS VALVE DOUBLE TOTAL ASSY DIA. 0,95/0,35",,,90000,3,0,0,0,0,0,0,0,3,270000
C5Q-3-1-TA-2x01-0.95,"GAS VALVE SINGLE TOTAL ASSY DIA. 0,95",,,87000,9,0,0,0,0,0,0,0,9,783000
C5Q-4-1-TATX01-0.95/0.35,"GAS VALVE DOUBLE TOTAL ASSY DIA. 0,95/0,35",,,102000,2,0,0,0,0,0,0,0,2,204000
C5Q-4-3-TATx01-0.95/0.35,"GAS VALVE DOUBLE TOTAL ASSY DIA. 0,95/0,35",,,102000,13,0,0,0,0,0,0,0,13,1326000
CP-21661-1X02,REGULATOR BIG,,,8000,5,0,0,0,0,0,0,0,5,40000
CP-21661-2X02,REGULATOR SMALL,,,8000,10,0,0,0,0,0,0,0,10,80000
CP-50188,ELECTRODE (RT5/RT7),,,6000,17,0,0,0,0,0,0,0,17,102000
CP-60063-0.88,"MAIN NOZZLE DIA. 0,88 F/SMALL BURNER LPG",,,10000,10,0,0,0,0,0,0,0,10,100000
CP-90003-2X01,BATTERY (BESAR),,,14000,5,0,0,0,0,0,0,0,5,70000
CP-90101-1X02,BATTERY (SEDANG),,,10000,5,0,0,0,0,0,0,1,4,40000
CP-90382X02,BATTERY BOX ASSY (RH-902/904),,,10000,5,0,0,0,0,0,0,0,5,50000
EI-194,SPARKER (SRDB-93),,,101200,2,0,0,0,0,0,0,0,2,202400
EI-203,SPARKER (RB-2EH),,,101200,5,0,0,0,0,0,0,0,5,506000
HS105A2.0(Y.T)-A,BURNER BODY (H),,,91080,4,0,0,0,0,0,0,0,4,364320
HS105A3-1-A,BURNER (CAP H),,,68080,4,0,0,0,0,0,0,0,4,272320
HS105A4-1-A,BURNER (CAP SIMMER H),,,30000,4,0,0,0,0,0,0,0,4,120000
HZQ288A1-14-00A,KNOB ASSY (BAKELITE),,,30000,2,0,0,0,0,0,0,0,2,60000
R04/4300200100,MICROSWITCH ASSY REU-5CFB,,,23000,3,0,0,0,0,0,0,0,3,69000
R04/4300400008,MAGNET VALVE REU-10CF,,,57000,3,0,0,0,0,0,0,0,3,171000
R04/4500402014,CONTROL BOX WITH 20MINS TIMER REU-5CFC,,,120000,2,0,0,0,0,0,0,0,2,240000
R04/4700700091,MEMBRANE (SILICON) REU-5CFB,,,70000,2,0,0,0,0,0,0,0,2,140000
R04/4700700510,SMALL SHAFT NUT REU 5CFC,,,11000,1,0,0,0,0,0,0,0,1,11000
R07/G-44990-2X01-T,THERMO ELEMENT RR-50A,,,157000,4,0,0,0,0,0,0,0,4,628000
R07/KAA-0002,KEEP WARM KNOB RR-50 A,,,23000,2,0,0,0,0,0,0,0,2,46000
R07/KBN-0001,PILOT ADAPTOR RR-50,,,32200,2,0,0,0,0,0,0,0,2,64400
R07/KJA-0002,IGNITION KNOB ASSY RR-50A,,,32200,4,0,0,0,0,0,0,0,4,128800
R07/KJD-0001,IGNITION LEVER RR-50A,,,79580,2,0,0,0,0,0,0,0,2,159160
R07/KQD-0001-1,SHUT OFF SPINDLE ASSY RR-50A,,,135000,2,0,0,0,0,0,0,0,2,270000
R07/KSA-0002,COOKING KNOB RR-50A,,,32200,2,0,0,0,0,0,0,0,2,64400
R07/KSC-0001,VALVE ASSY RR-50A,,,557000,2,0,0,0,0,0,0,0,2,1114000
R07/KSK-0001,PIEZO MECHANISM ASSY FOR RR-50A,,,207000,2,0,0,0,0,0,0,0,2,414000
R07/S-KSN-1001,KEEP WARM NOZZLE ASSY FOR LPG  RR-50A,,,42000,2,0,0,0,0,0,0,0,2,84000
R12/C36U-5-S,MODULATING VALVE WITH SOLENOID RDT-600,,,720360,1,0,0,0,0,0,0,0,1,720360
R12/RD45-200,INNER FILTER RDT-600,,,63940,1,0,0,0,0,0,0,0,1,63940
R12/RD60-19-SP,FAN BELT SET RDT-600,,,166060,1,0,0,0,0,0,0,0,1,166060
R12/RDT40-63X05,EXHAUST FAN RDT-600,,,168360,1,0,0,0,0,0,0,0,1,168360
R12/RDT40S-75-DX01,T PULLEY ASSEMBLY RDT-600,,,75000,2,0,0,0,0,0,0,0,2,150000
R12/RDT40S-91,DRUM BELT RD-40 NZ/RDT-600,,,204240,2,0,0,0,0,0,0,0,2,408480
R12/RDT40SF-56-1,PLASTIC HEAD SCREW,,,21000,1,0,0,0,0,0,0,0,1,21000
RB-321X01-E,WOK ADAPTOR (RB-2GH) ENAMEL,,,27000,2,0,0,0,0,0,0,0,2,54000
RB-344-HS,VENTURY BURNER (HP-SILVER),,,140760,2,0,0,0,0,0,0,2,0,0
RB2EH-250-2,MAIN HARNESS ASSY (RB-2EHB) GEN,,,25000,4,0,0,0,0,0,0,0,4,100000
RB3G-210GX02,ELECTRODE (RB-2EH/3SS),,,8000,3,0,0,0,0,0,0,2,1,8000
RB3GH-117-E,BURNER COVER (RB-2GH) ENAMEL,,,19000,6,0,0,0,0,0,0,2,4,76000
RB3RHS-127-650,ELECTRODE ASSY L=650,,,17500,5,0,0,0,0,0,0,0,5,87500
RB3RHS-156-1SL,KNOB ASSY (SILVER) RB-3SS,,,34040,4,0,0,0,0,0,0,0,4,136160
RB3SS-0201-SR,PACKING COVER (H),,,45000,2,0,0,0,0,0,0,0,2,90000
RB4E-323-011-AX01,KNOB ASSY (BLACK) RB-3/4 (MARKING),,,12000,5,0,0,0,0,0,0,0,5,60000
RB712-023,WOK ADAPTOR (RB-3SS),,,88320,5,0,0,0,0,0,0,0,5,441600
RG-622MS,REGULATOR,,,165600,2,0,0,0,0,0,0,0,2,331200
RH401961,SMELL REDUCING FILTER,,,34960,5,0,0,0,0,0,0,0,5,174800
RH500261X01,LAMP (LED CANDLE),,,28000,3,0,0,0,0,0,0,0,3,84000
RI-300-002,BURNER BODY,,,147200,1,0,0,0,0,0,0,0,1,147200
RI-300-005,BURNER HEAD,,,83720,4,0,0,0,0,0,0,0,4,334880
RI-300-006,KNOB ASSY (RI-300HP),,,8000,5,0,0,0,0,0,0,0,5,40000
RI-300-007,GAS VALVE TOTAL ASSY,,,148120,1,0,0,0,0,0,0,0,1,148120
RI-602-151-3,BURNER SUPPORT RI-602/522,,,14000,5,0,0,0,0,0,0,0,5,70000
RI-602-157-0.95X02,SUPER NOZZLE DIA. 0.95 F/BIG BURNER (LPG),,,19000,5,0,0,0,0,0,0,0,5,95000
RI-602-185-0.35X01,SUPER NOZZLE DIA. 0.35 F/SIMMER TTC BURNER (LPG),,,19000,3,0,0,0,0,0,0,0,3,57000
RI52-238-1,SUN BURNER ASSY (NEW),,,28000,2,0,0,0,0,0,0,0,2,56000
RI52-241-E,TOP BURNER COVER RI-302 (ENAMEL),,,8000,2,0,0,0,0,0,0,0,2,16000
RI52-263,LEG ASSY,,,6000,10,0,0,0,0,0,0,0,10,60000
RI52-273-1-E,PAN SUPPORT ASSY (ENAMEL) RI-512/3/4 (DIA. 112) 6 LEG,,,28000,5,0,0,0,0,0,0,0,5,140000
RI52-273-3-E,PAN SUPPORT ASSY (ENAMEL) RI-712 (DIA. 125) NEW,,,28000,22,0,0,0,0,0,0,0,22,616000
RI52-273-4-E,PAN SUPPORT ASSY (ENAMEL) RI-712 (DIA. 112) NEW,,,30000,10,0,0,0,0,0,0,0,10,300000
RI52-277-1,KNOB ASSY (BLACK),,,8000,5,0,0,0,0,0,0,0,5,40000
RI52-278-1-E,PAN SUPPORT ASSY (ENAMEL) RI-5/RI-3 (DIA.112) ANTI SLIP,,,27000,10,0,0,0,0,0,0,0,10,270000
RI52-278-2-E,PAN SUPPORT ASSY (ENAMEL) RI-5/RI-3 (DIA.96) ANTI SLIP,,,27000,10,0,0,0,0,0,0,0,10,270000
RI7-204-1,BURNER SUPPORT RI-712,,,20000,5,0,0,0,0,0,0,0,5,100000
RI7-211-1,KNOB ASSY (BLACK) RI-712,,,8000,12,0,0,0,0,0,0,0,12,96000
RI7-306X02-E,PAN SUPPORT ASSY DIA. 112 RI-712GA (ENAMEL),,,30000,8,0,0,0,0,0,0,0,8,240000
RIT-0244-1X01,BURNER BRACKET TTC 7 TYPE,,,8000,5,0,0,0,0,0,0,0,5,40000
RIT-0272X03,BURNER HEAD SMALL (NEW),,,30360,10,0,0,0,0,0,0,0,10,303600
RIT-0273X05,BURNER HEAD (BIG NEW),,,43240,8,0,2,0,0,0,0,0,6,259440
RIT-0293,BURNER HEAD (NANO),,,31000,5,0,0,0,0,0,0,0,5,155000
RT-570-128,SMALL BURNER ASSY (RI-5/RI-6),,,27000,7,0,0,0,0,0,0,0,7,189000
RT-570-128-2,NANO BURNER ASSY (RI-511),,,25000,5,0,0,0,0,0,0,0,5,125000
RT-570-131,BIG BURNER ASSY (RI-5/RI-6),,,28000,5,0,0,0,0,0,0,0,5,140000
TL-289-022-2A,GAS VALVE TL-289RI TOTAL ASSY A,,,157000,2,0,0,0,0,0,0,0,2,314000
TL-289-022-TA,GAS VALVE TOTAL ASSY,,,97000,9,0,0,0,0,0,0,0,9,873000
TL287-017,KNOB ASSY (TL/HP),,,8000,2,0,0,0,0,0,0,0,2,16000
TL287-017x01,KNOB ASSY (TL/HP),,,8000,5,0,0,0,0,0,0,0,5,40000
V569-00-100,PIEZO UNIT (R/L),,,8000,3,0,0,0,0,0,0,0,3,24000
V569-00-300,PIEZO UNIT (CENTER),,,12000,3,0,0,0,0,0,0,0,3,36000
VB0233-2TB-1.28,"GAS VALVE TOTAL ASSY 1,28 (BIG)",,,80040,2,0,0,0,0,0,0,0,2,160080
VB0233-2TS,GAS VALVE TOTAL ASSY (SMALL),,,80960,2,0,0,0,0,0,0,0,2,161920
TOTAL Merk RINNAI,,,,,538,0,2,0,0,0,0,15,521,24710840
,,,,,,,,,,,,,,
Kode Sparepart,Nama Sparepart,,,Harga,S Awal,Beli,Jual,Retur,Mutasi T,Mutasi K,Terima,Keluar,S Akhir,Total
1M90020A,END BRACKET (A) - JET-108 BIT (SPARE PART),,,101660,2,0,0,0,0,0,0,0,2,203320
1P90257A,SMALL TANK V.E - PS-130 BIT SPARE PART,,,80500,1,0,0,0,0,0,0,0,1,80500
1P90260A,CASING - PS-128 BIT SPARE PART,,,155940,2,0,0,0,0,0,0,0,2,311880
1P90265A,CASING - PS-130 BIT SPARE PART,,,191820,2,0,0,0,0,0,0,0,2,383640
1P90306A,SC-020 BIT - AUTOMATIC PRESSURE CONTROL,,,309120,2,0,0,0,0,0,0,0,2,618240
2M90061A,FAN COVER - PS-226 BIT,,,17500,2,0,0,0,0,0,0,0,2,35000
2M90125A,MOTOR ASM - PS-116 BIT (SPARE PART),,,241040,2,0,0,0,0,0,0,0,2,482080
2M90186A,FAN COVER - PS-116 BIT,,,15000,5,0,0,0,0,0,0,0,5,75000
2M90199B,MOTOR ASM - 100W GREEN 100 (SPARE PARTS),,,362940,1,0,0,0,0,0,0,0,1,362940
2M90248C,MOTOR ASM - JET-250 BIT ( SPARE PART ),,,672000,1,0,0,0,0,0,0,0,1,672000
2M90362A,MOTOR ASM - 125W COMMON SPARE PART,,,296240,3,0,0,0,0,0,0,0,3,888720
2M90479A,MOTOR ASM - PS- 221 BIT (SPARE PART),,,463680,2,0,0,0,0,0,0,0,2,927360
2M90592B,MOTOR ASM - PL-122 BIT ( SPARE PART ),,,295000,2,0,0,0,0,0,0,0,2,590000
2P10378C,IMPELLER COVER - PN-125 BIT (SPARE PART),,,28000,5,0,0,0,0,0,0,0,5,140000
2P90014A,DIFFUSER - PC-260 BIT,,,40480,3,0,0,0,0,0,0,0,3,121440
2P90074A,IMPELLER COVER - PS-226 BIT,,,125120,5,0,0,0,0,0,0,0,5,625600
2P90097A,TANK ASM - PS-103 BIT SPARE PART,,,287500,2,0,0,0,0,0,0,0,2,575000
2P90161A,SMALL TANK 1/2 INCH (WLD LES) - PS-135 E SPARE PART,,,58420,1,0,0,0,0,0,0,0,1,58420
2P90227B,FLOW SWITCH ASM (MAIN UNIT) - PB-228 BIT ( SPARE PART ),,,210000,6,0,0,0,0,0,0,0,6,1260000
2P90658A,IMPELLER COVER - PS-126 BIT (SPARE PART),,,30820,7,0,0,0,0,0,0,0,7,215740
2P90659A,IMPELLER COVER - PS-130 BIT (SPARE PART),,,75000,7,0,0,0,0,0,0,0,7,525000
2P90690A,IMPELLER COVER - PS-226 BIT (SPARE PART),,,125120,2,0,0,0,0,0,0,0,2,250240
2P90692A,IMPELLER COVER - PS-221BIT (SPARE PART),,,46460,2,0,0,0,0,0,0,0,2,92920
2P90695C,FAN COVER - COMMON ADC ( DARK BLUE ),,,15000,3,0,0,0,0,0,0,0,3,45000
2P90695F,FAN COVER - COMMON ADC ( DARK BLUE ) RE-COPO,,,15000,4,0,0,0,0,0,0,0,4,60000
3890KP3201A,PRESSURE SWITCH ASM - TYPE PM5,,,114080,4,0,0,0,0,0,0,0,4,456320
3M90018A,FAN - PC-260 BIT,,,10500,2,0,0,0,0,0,0,0,2,21000
3M90019A,FAN COVER - PC-260 BIT,,,21500,2,0,0,0,0,0,0,0,2,43000
3M90022B,"CAPACITOR - 14UF, 450VAC PC-260",,,95680,2,0,0,0,0,0,0,0,2,191360
3M90072A,FAN - PS-123 BIT,,,6000,5,0,0,0,0,0,0,0,5,30000
3M90081A,FAN COVER - JET-100 BIT,,,19000,2,0,0,0,0,0,0,0,2,38000
3M90106A,"CAPACITOR - 20UF, 450VAC PC-375",,,76360,2,0,0,0,0,0,0,0,2,152720
3M90119D,FAN COVER (PP)BLUE CE - COMMON,,,16500,2,0,0,0,0,0,0,0,2,33000
3M90203A,CONDENSER COVER SNI - COMMON,,,23000,6,0,0,0,0,0,0,0,6,138000
3M90204A,CONDENSER COVER SNI - PS-226/230 BIT,,,16500,5,0,0,0,0,0,0,0,5,82500
3M90294A,FAN COVER - JET-300 BIT/400 BIT,,,16000,2,0,0,0,0,0,0,0,2,32000
3M90331C,CAPACITOR - 30UF 300 VAC ( SPARE PART ),,,65000,3,0,0,0,0,0,0,0,3,195000
3M90359C,CAPACITOR W/TERMINAL - PS-133 BIT ( SPARE PART ),,,30000,3,0,0,0,0,0,0,0,3,90000
3M90365A,"CAPACITOR - 16UF, 370VAC PS-221 BIT",,,40480,3,0,0,0,0,0,0,0,3,121440
3P10022C,MECHANICAL SEAL - COMMON ( SPARE PART ),,,25000,3,0,0,0,0,0,0,0,3,75000
3P10030A,"MECHANICAL SEAL - D 15, L25 PC-250 BIT",,,45000,5,0,0,0,0,0,0,0,5,225000
3P10030D,"MECHANICAL SEAL - D15, L25 PS-226 BIT ( SPARE PART )",,,44160,4,0,0,0,0,0,0,0,4,176640
3P10698A,FLANGE - PS-126 BIT,,,9500,2,0,0,0,0,0,0,0,2,19000
3P10761A,AIR CHARGER ASM - PC-250 BIT,,,53820,2,0,0,0,0,0,0,0,2,107640
3P10799C,IMPELLER (D-TYPE) - PS-126 BIT ( SPARE PART ),,,53820,5,0,0,0,0,0,0,0,5,269100
3P10815A,CHECK VALVE - PS-126 BIT,,,8500,3,0,0,0,0,0,0,0,3,25500
3P90028B,MECHANICAL SEAL - PC-260 BIT (BURGMAN),,,53820,3,0,0,0,0,0,0,0,3,161460
3P90035A,PRESSURE GAUGE - PC-260 BIT,,,52900,3,0,0,0,0,0,0,0,3,158700
3P90053F,"CAPACITOR - 8UF, 450VAC ( SPARE PART )",,,30000,3,0,0,0,0,0,0,0,3,90000
3P90090A,IMPELLER - PS-116 BIT,,,42320,5,0,0,0,0,0,0,0,5,211600
3P90091B,MECHANICAL SEAL - PS-116 BIT ( SPARE PART ),,,17500,5,0,0,0,0,0,0,0,5,87500
3P90113A,VENTURY - PC-260 BIT(SINOMOLD),,,55660,2,0,0,0,0,0,0,0,2,111320
3P90118A,IMPELLER - PS-226 BIT,,,58420,4,0,0,0,0,0,0,0,4,233680
3P90143B,PRESSURE SWITCH ASM - PS-130 BIT / PS-135 E ( SPARE PART ),,,64860,5,0,0,0,0,0,0,0,5,324300
3P90178A,EJECTOR BODY ASSY - PC-260 BIT SPARE PART,,,127880,1,0,0,0,0,0,0,0,1,127880
3P90209A,SMALL TANK (V.E) - PS-230 BIT (SPARE PART),,,124660,2,0,0,0,0,0,0,0,2,249320
3P90395B,IMPELLER ASM - PC-268 BIT SPARE PART,,,83720,2,0,0,0,0,0,0,0,2,167440
3P90431A,"CAPACITOR - 12UF, 370VAC",,,36800,3,0,0,0,0,0,0,0,3,110400
3P90502A,PRESSURE SWITCH ASM - PC-250 BIT (1.4-2.2),,,72220,7,0,0,0,0,0,0,0,7,505540
3P90503B,PRESSURE SWITCH ASM - PS-230 BIT ( SPARE PART ),,,69000,7,0,0,0,0,0,0,0,7,483000
3P90533A,MECHANICAL SEAL - PC-503 BIT,,,45000,2,0,0,0,0,0,0,0,2,90000
3P90631A,IMPELLER - PS-221BIT,,,46460,5,0,0,0,0,0,0,0,5,232300
3P90813A,IMPELLER  - PB-228 BIT,,,46460,5,0,0,0,0,0,0,0,5,232300
4M90001A,BEARING - 6201RZ,,,19000,3,0,0,0,0,0,0,0,3,57000
4M90038A,BEARING - 6202ZZ PC-250 BIT,,,21500,2,0,0,0,0,0,0,0,2,43000
4M90058A,BEARING - 6204-RZ PC-502 BIT,,,29900,2,0,0,0,0,0,0,0,2,59800
4P02864A,O-RING 64.4 - PS-102 BIT,,,6000,2,0,0,0,0,0,0,0,2,12000
4P10974A,HOPPER CAP - PS-126 BIT,,,7000,2,0,0,0,0,0,0,0,2,14000
4P11451A,DRAIN CAP - PC-250 BIT,,,11500,2,0,0,0,0,0,0,0,2,23000
4P11550A,O-RING 15.5 - PN-125 BIT,,,6000,2,0,0,0,0,0,0,0,2,12000
4P11750A,FOOT VALVE CASE ASM - PC-250 BIT/PC-260 BIT (NEW),,,51520,2,0,0,0,0,0,0,0,2,103040
4P90068A,O-RING (PUMP BODY) 164X3.3 - PC-260 BIT,,,10500,2,0,0,0,0,0,0,0,2,21000
4P90069B,DIFFUSER GASKET (T=3MM) - PC-260 BIT,,,6000,2,0,0,0,0,0,0,0,2,12000
4P90203A,C-RING - PS-116 BIT,,,6000,2,0,0,0,0,0,0,0,2,12000
4P90673A,NOZZLE - JET-250 BIT,,,8000,2,0,0,0,0,0,0,0,2,16000
4P90931A,FLANGE 1INCH - PS-121 BIT (C.HORNG) SPARE PARTS,,,25500,5,0,0,0,0,0,0,0,5,127500
4P91688A,DISCHARGE FLANGE PBT - PS-226 BIT,,,15000,3,0,0,0,0,0,0,0,3,45000
TOTAL Merk SHIMIZU,,,,,238,0,0,0,0,0,0,0,238,16256340
,,,,,,,,,,,,,,
TOTAL Gudang GBTISPR1,,,,,2983,0,4,0,0,1,0,65,2913,85321440
,,,,,,,,,,,,,,
GRAND TOTAL ,,,,,2983,0,4,0,0,1,0,65,2913,85321440
